"","PFC Pain Med Ind","PFC Dep Med Ind","NRMSE GS Ind","NRMSE SLB Ind","PFC Pain Med No Ind","PFC Dep Med No Ind","NRMSE GS No Ind","NRMSE SLB No Ind","AUC Ind","AUC No Ind","AUC CCA","Miss Overall","Sing Ind","Sing Noind","Sing CCA"
"1",0.444444444444444,0.594202898550725,1.52767632335717,0.94873795860057,0.444444444444444,0.63768115942029,1.00274851145922,0.829123814223464,0.763845055364839,0.763073357449961,0.800616677581314,0.2472,0,0,0
"2",0.589285714285714,0.5,1.32810611484353,0.988701299103156,0.607142857142857,0.462962962962963,0.949435524121456,0.8797863715517,0.802622094648844,0.797489232789778,0.794993779127391,0.2208,0,0,0
"3",0.553571428571429,0.471698113207547,1.14399507889309,1.05586609142432,0.517857142857143,0.433962264150943,0.912965820953799,1.30120511000798,0.78378911857594,0.785011894508019,0.781865645666551,0.2304,0,0,0
"4",0.5,0.490566037735849,1.15683811380293,0.846408524049823,0.392857142857143,0.566037735849057,1.1136444357793,0.769283182555753,0.760954230634852,0.75915592823232,0.771647000166196,0.228,0,0,0
"5",0.565217391304348,0.431034482758621,1.25262017465025,0.869881424674646,0.58695652173913,0.482758620689655,1.37317852899174,0.971954897748587,0.799000105171083,0.79598092555683,0.791530903594222,0.2176,0,0,0
"6",0.559322033898305,0.615384615384615,1.41395493393112,0.840547771218532,0.542372881355932,0.5,1.169358195397,0.92982690818487,0.772886589228063,0.770101052513,0.749209492743976,0.2144,0,0,0
"7",0.480769230769231,0.46,1.19972500200082,1.03963539595052,0.403846153846154,0.4,0.977660037851037,1.03149767170949,0.772857917082981,0.772834800387333,0.759607529516979,0.2248,0,0,0
"8",0.457627118644068,0.575,0.982846346806305,0.855643988684195,0.559322033898305,0.55,0.974809452450396,1.00009881537635,0.697712857966558,0.697743609456083,0.721287046287046,0.2144,0,0,0
"9",0.53030303030303,0.484375,1.20798464556876,0.869880733090948,0.393939393939394,0.59375,0.826759686261943,0.753816529996061,0.668141193696655,0.672946295766406,0.64220290793925,0.2408,0,0,1
"10",0.523076923076923,0.557377049180328,1.8032696095614,1.00899360419948,0.430769230769231,0.491803278688525,0.956133930707966,0.967952554902999,0.712526739067835,0.704795548973631,0.675095197654987,0.2472,0,0,1
"11",0.43859649122807,0.360655737704918,1.58414558963887,0.821445404605817,0.543859649122807,0.540983606557377,0.97957420171939,0.904700151477573,0.737188351463749,0.735252391780878,0.702332894233629,0.2232,0,0,0
"12",0.566037735849057,0.484375,1.24034262359763,0.992449513718831,0.547169811320755,0.59375,0.905223608127423,0.800043773751347,0.778811260983249,0.771653422317603,0.762055014536361,0.2064,0,0,0
"13",0.464285714285714,0.55,1.65612665950999,0.924136961754314,0.517857142857143,0.616666666666667,1.30714756500891,0.967303771760952,0.74671145274853,0.748708739745494,0.750716473297118,0.2336,0,0,0
"14",0.421052631578947,0.509803921568627,1.46551760720508,0.800589073099092,0.491228070175439,0.627450980392157,0.995937481976863,0.791359528056868,0.719764376338771,0.717874649859944,0.719207533759773,0.2352,0,0,0
"15",0.566037735849057,0.5,1.69655442689406,1.12993480127581,0.60377358490566,0.424242424242424,1.1647757659376,1.05480166537781,0.71185146464957,0.712274255375848,0.742823007049892,0.2216,0,0,0
"16",0.352941176470588,0.483870967741935,1.15989729815925,0.811577553074451,0.490196078431373,0.548387096774194,1.07936582947262,0.833607190250955,0.762061810018125,0.762942309276652,0.750097804825038,0.228,0,0,0
"17",0.566037735849057,0.491525423728814,1.58977198953049,1.0161497354804,0.566037735849057,0.423728813559322,0.83743343471203,0.907234057808964,0.797739790780361,0.798346075590357,0.815237226277372,0.216,0,0,0
"18",0.509090909090909,0.559322033898305,1.44161341557813,0.94901199068679,0.527272727272727,0.338983050847458,1.59644009733046,0.934350570015552,0.789395642809765,0.78858382354071,0.795454545454545,0.224,0,0,0
"19",0.46875,0.470588235294118,1.20585508768432,0.966361459416189,0.546875,0.549019607843137,0.831697412955202,0.73360686480349,0.742405128205128,0.74144358974359,0.72584595959596,0.2176,0,0,0
"20",0.63013698630137,0.525423728813559,1.07313770578362,1.10673192881922,0.424657534246575,0.576271186440678,1.00535760201135,1.09804477659541,0.83625861261109,0.835536574312335,0.839268313172043,0.2184,0,0,0
"21",0.545454545454545,0.537313432835821,1.62921884168144,0.919157954042175,0.618181818181818,0.507462686567164,0.770761693958259,0.872591065086144,0.723113235472023,0.719800570900545,0.703262127280819,0.2376,0,0,1
"22",0.516129032258065,0.55,0.858401040484725,1.08338862117654,0.403225806451613,0.55,1.28655210480628,0.76664219741341,0.791892805210232,0.792822106621337,0.796816920359936,0.2192,0,0,0
"23",0.5,0.474576271186441,1.79565680215956,0.982467761906087,0.5,0.389830508474576,1.4763022336737,0.919456876188289,0.73371537531011,0.732062309064441,0.722410193650565,0.2224,0,0,0
"24",0.56140350877193,0.53448275862069,1.50026485803644,0.890200443519045,0.596491228070175,0.482758620689655,1.0178339479061,0.7783944062555,0.793568135245902,0.788691086065574,0.755104427736007,0.2144,0,0,0
"25",0.412698412698413,0.492063492063492,1.22299247227151,1.28475955932505,0.507936507936508,0.555555555555556,1.01423315417069,1.00462663705237,0.721024065540195,0.724930875576037,0.712796167623322,0.2296,0,0,0
"26",0.509090909090909,0.446808510638298,0.965075709568601,0.938139554808046,0.490909090909091,0.48936170212766,0.829410352315326,0.745121994521617,0.792095256385635,0.789941745086742,0.765023190159306,0.2184,0,0,0
"27",0.436363636363636,0.625,1.50426996856515,0.978427562629012,0.454545454545455,0.3875,1.1570149149806,0.972268371364434,0.746140497922546,0.745333097521153,0.726023009486367,0.2344,0,0,0
"28",0.509090909090909,0.676470588235294,1.09795124553369,0.828107539295843,0.472727272727273,0.558823529411765,0.84579413199041,0.842229656086779,0.740474211358086,0.735981979763151,0.707994251480417,0.2264,0,0,0
"29",0.4375,0.55,1.45241625757352,0.873191212689464,0.609375,0.55,1.27227128373227,0.843562012319381,0.749636404604859,0.747559814003032,0.770875282263653,0.2072,0,0,0
"30",0.474576271186441,0.54,1.35092645079425,1.15165535031029,0.525423728813559,0.56,0.779284139824661,0.940152464188865,0.801811661220379,0.800401278336108,0.795222624849015,0.2136,0,0,0
"31",0.565789473684211,0.714285714285714,1.12534067293708,1.01990317003384,0.552631578947368,0.5,1.69343977609687,0.779461834504668,0.741536338074421,0.735581758101923,0.746993437441171,0.2336,0,0,0
"32",0.63768115942029,0.448275862068966,1.04190188101501,0.853226099347836,0.463768115942029,0.396551724137931,0.699449236727271,0.869279880742404,0.787103417010519,0.790520171401202,0.818629524442565,0.2296,0,0,0
"33",0.469387755102041,0.436619718309859,1.32844718678937,0.871439025315581,0.530612244897959,0.535211267605634,0.675528739515163,0.861511365192216,0.776083504098361,0.774116290983607,0.792218437867591,0.2096,0,0,0
"34",0.6,0.420289855072464,1.31072389513307,0.747642755559516,0.581818181818182,0.594202898550725,1.23195362393607,0.930085363803106,0.742242569022509,0.741735605961681,0.73100689533239,0.2376,0,0,0
"35",0.568965517241379,0.607843137254902,1.55675094024034,0.948660264434608,0.5,0.509803921568627,0.789963176543444,0.836579814740528,0.786815454247563,0.782432723027771,0.755552988688673,0.2248,0,0,0
"36",0.619047619047619,0.491525423728814,1.42440254623615,0.869490266299487,0.507936507936508,0.559322033898305,1.18578702684857,0.8130324105259,0.760261186863837,0.757759426413162,0.74311319791773,0.208,0,0,0
"37",0.508771929824561,0.583333333333333,1.35933503895692,0.912931150597076,0.456140350877193,0.516666666666667,1.62785797578286,0.875709682749683,0.769982051282051,0.765784615384615,0.78644387362376,0.228,0,0,0
"38",0.506666666666667,0.474576271186441,1.12449145308988,1.07192504469676,0.666666666666667,0.593220338983051,0.873839097936839,1.00602899690655,0.803965090410103,0.80292056762645,0.805975026051326,0.2384,0,0,0
"39",0.571428571428571,0.551724137931034,1.94888336854868,0.98262239663326,0.571428571428571,0.482758620689655,1.08007082465471,0.822124929968005,0.777467899332306,0.773040575243965,0.774318383962781,0.224,0,0,0
"40",0.433333333333333,0.553846153846154,1.36312813111711,0.996549487158206,0.516666666666667,0.446153846153846,0.760185162921739,0.902721786198905,0.780076516501752,0.775372339335833,0.811855756780844,0.2184,0,0,0
"41",0.582089552238806,0.576923076923077,1.10892335526716,0.997245712274684,0.567164179104478,0.538461538461538,0.994363985918164,1.03188898052553,0.741203817481773,0.737962849184894,0.747514013874272,0.2272,0,0,0
"42",0.513513513513513,0.586206896551724,1.15325008906112,1.20833720037661,0.554054054054054,0.482758620689655,1.04387035301662,1.14446423061398,0.758656631180518,0.760656728496393,0.759262667157404,0.2352,0,0,0
"43",0.516129032258065,0.655737704918033,1.11675121876087,0.828032660664773,0.564516129032258,0.688524590163934,0.796388829274918,0.693163839752311,0.755038017214666,0.751839398075707,0.767210250436808,0.2152,0,0,0
"44",0.543859649122807,0.698412698412698,1.39049931348156,0.835943612321453,0.543859649122807,0.365079365079365,1.12456936891059,0.774178102668937,0.789375840215095,0.787803597721017,0.815360286387057,0.2312,0,0,0
"45",0.557377049180328,0.627906976744186,1.54950870067188,0.834799868471663,0.573770491803279,0.558139534883721,0.706667310337695,0.764769610250426,0.735782475979759,0.733790178845799,0.738588984442779,0.22,0,0,0
"46",0.469387755102041,0.491525423728814,1.39816984320546,0.885900832393588,0.530612244897959,0.457627118644068,1.33196706786168,0.884688847140321,0.74854602400629,0.751311843598024,0.698977139819245,0.224,0,0,0
"47",0.547169811320755,0.389830508474576,1.23395095689868,0.804154647920213,0.60377358490566,0.525423728813559,1.66643337743138,0.803953533001142,0.747747009457566,0.747782862674496,0.731455321264344,0.2136,0,0,0
"48",0.564516129032258,0.56140350877193,1.33363635039405,0.864646195780638,0.612903225806452,0.649122807017544,1.1089625005304,0.772903089499046,0.787574016022292,0.790754912205216,0.788142989377176,0.2376,0,0,0
"49",0.471428571428571,0.6,1.11264963570284,0.967568755277696,0.428571428571429,0.563636363636364,1.11842021088048,0.956171103780223,0.783328082698775,0.781571041085575,0.78407731080248,0.2464,0,0,0
"50",0.636363636363636,0.537313432835821,2.35655898395163,1.06103275788274,0.522727272727273,0.447761194029851,1.22436644935,1.03874629350722,0.752123227869654,0.752863189104903,0.717149035262808,0.2152,0,0,0
"51",0.515151515151515,0.615384615384615,1.18676542765946,0.793264983841549,0.575757575757576,0.596153846153846,1.2421131118256,0.677111839840923,0.741681604517514,0.736229609513039,0.714783368818265,0.228,0,0,0
"52",0.641509433962264,0.5625,1.07381564371703,0.934820973882619,0.358490566037736,0.46875,0.99650481133002,0.809810096300846,0.743429694394844,0.743134659195862,0.739741161616162,0.2224,0,0,0
"53",0.608108108108108,0.473684210526316,1.28748733712721,0.932639994506235,0.621621621621622,0.403508771929825,1.06220307299373,1.11271809232704,0.780566949089501,0.779892315072042,0.780759232603605,0.2256,0,0,0
"54",0.5,0.454545454545455,1.35534709715041,0.978388304628912,0.46875,0.613636363636364,1.75244555435172,1.43602319742695,0.734351145038168,0.734156135736737,0.773522417366641,0.232,0,0,0
"55",0.564516129032258,0.515625,1.28304102016787,0.800592495818946,0.548387096774194,0.515625,1.3404845832997,0.781007107294177,0.783668785175052,0.780845815113393,0.763483091402843,0.2392,0,0,0
"56",0.64,0.518518518518518,1.38630661892647,0.981794661101872,0.56,0.5,1.03090892067766,0.935135122424935,0.758957011980268,0.760919982061631,0.753746105323927,0.2232,0,0,0
"57",0.450704225352113,0.611111111111111,1.81204655609827,0.875819927585064,0.563380281690141,0.481481481481481,1.04856820635037,0.715038225673905,0.793463901689708,0.791428571428571,0.79827340834027,0.2424,0,0,0
"58",0.542372881355932,0.568965517241379,0.926477427577145,0.974415042546626,0.610169491525424,0.603448275862069,0.920507983812536,0.756103705802105,0.810179306531222,0.805379195936674,0.79536794160109,0.2064,0,0,0
"59",0.597014925373134,0.590163934426229,1.04851467307174,0.94760887269958,0.597014925373134,0.60655737704918,0.802477160174088,1.19242232627345,0.752637812230835,0.754491202165621,0.771169654352778,0.244,0,0,0
"60",0.659574468085106,0.5,1.40523510385473,0.961652976084583,0.638297872340426,0.557692307692308,1.11474227098855,1.01668569036962,0.783250840301689,0.783578762911953,0.75233636977058,0.2208,0,0,0
"61",0.462962962962963,0.51219512195122,1.50204227623142,0.820367515087126,0.518518518518518,0.682926829268293,1.04285616835326,0.789665848033008,0.778805970149254,0.777964487905301,0.74620833566523,0.196,0,0,0
"62",0.578125,0.6,1.31366363123854,0.978200377008636,0.546875,0.509090909090909,1.17779917934293,0.769043163243706,0.79266816,0.78507776,0.776799108482277,0.2264,0,0,0
"63",0.466666666666667,0.508474576271186,1.16073237599461,0.821532867894989,0.55,0.372881355932203,1.35561889958183,0.856696462587868,0.758524276617481,0.758700945562921,0.742354388843314,0.208,0,0,0
"64",0.521739130434783,0.5,1.83109929904119,1.21224745172494,0.608695652173913,0.537037037037037,1.58243172377755,0.705118840622215,0.760967075652013,0.761182871940317,0.746566995792982,0.2256,0,0,0
"65",0.595744680851064,0.416666666666667,0.993157392605926,0.84604435087852,0.48936170212766,0.5625,0.989202958272627,0.78338365548241,0.751285907075381,0.750118886960992,0.718891683489426,0.2104,0,0,0
"66",0.574074074074074,0.491525423728814,1.83211689805152,1.11279916526786,0.62962962962963,0.542372881355932,0.861072497785437,0.85554240940191,0.781484034117258,0.770897333083953,0.789613337252212,0.2072,0,0,0
"67",0.553846153846154,0.563636363636364,1.21992377031025,1.10628249149249,0.523076923076923,0.509090909090909,1.36265902437735,1.01853919566186,0.761567494644917,0.762491761410447,0.775471140572558,0.2336,0,0,0
"68",0.509090909090909,0.493150684931507,1.40668798894828,1.04527360563456,0.527272727272727,0.493150684931507,0.887082169097406,1.18172940156418,0.74114806935623,0.745428433187156,0.774876241735606,0.2144,0,0,0
"69",0.542372881355932,0.625,2.16325358412648,0.78934584659685,0.576271186440678,0.46875,0.972685525939955,0.790540653141935,0.776562853674095,0.776264481346585,0.755609185700972,0.232,0,0,0
"70",0.434782608695652,0.648148148148148,1.41785756263625,1.08558237641307,0.550724637681159,0.574074074074074,0.928869204970072,0.94284275998068,0.78854797032378,0.788248339868009,0.781012421938637,0.2224,0,0,0
"71",0.403846153846154,0.509090909090909,1.61617751484701,0.81223128324822,0.442307692307692,0.563636363636364,1.27420850059042,0.795362715843182,0.785471946331443,0.782661322378055,0.794744344592501,0.2112,0,0,0
"72",0.526315789473684,0.457627118644068,0.921134653417629,1.08535693262496,0.43859649122807,0.644067796610169,1.12009132159817,0.951882585928879,0.772762311098363,0.771466473400754,0.776681127982646,0.2152,0,0,0
"73",0.666666666666667,0.576271186440678,1.5353462942928,0.878285351030747,0.526315789473684,0.525423728813559,0.731419868062667,0.798406946707306,0.761383704865677,0.755890818960325,0.735193224378618,0.2216,0,0,0
"74",0.6,0.526315789473684,1.16804819077584,1.09168009795227,0.72,0.578947368421053,1.03622825651258,1.1808737541686,0.780477704385044,0.777653455974649,0.777360742032125,0.22,0,0,0
"75",0.477611940298507,0.517241379310345,1.71637117239024,0.796280756696431,0.686567164179104,0.448275862068966,1.04055912957999,0.781088861455875,0.809795232866094,0.810107874168335,0.794583787713559,0.2448,0,0,0
"76",0.513888888888889,0.53448275862069,1.60297239542326,0.999959773564075,0.611111111111111,0.603448275862069,1.65887404756857,1.03141866662858,0.713501888806767,0.708723412991706,0.734469901168014,0.2408,0,0,0
"77",0.465753424657534,0.559322033898305,0.964387962545918,1.10220512730348,0.602739726027397,0.559322033898305,0.997876091616492,0.988373223470092,0.782554483634427,0.777628425709721,0.805247072904437,0.2512,0,0,0
"78",0.525423728813559,0.514705882352941,1.01287410353301,0.834727347301242,0.559322033898305,0.602941176470588,1.13856954822246,0.912712297163168,0.742385015074732,0.740196292257361,0.718010585305106,0.2272,0,0,0
"79",0.541666666666667,0.590909090909091,1.26381956092032,0.788125037508124,0.472222222222222,0.5,0.804292083340881,0.762639513803368,0.756425173764173,0.754036557111517,0.763603264609301,0.2328,0,0,0
"80",0.454545454545455,0.425925925925926,1.99038995125718,0.850691801859325,0.490909090909091,0.518518518518518,1.02317306744416,0.74587337662933,0.790008296120284,0.78713794092343,0.785937823405224,0.2136,0,0,0
"81",0.639344262295082,0.523809523809524,0.983943000623768,0.901706879561545,0.557377049180328,0.492063492063492,0.988337736834682,0.827630923412733,0.826249359959037,0.821699948796723,0.830141798397807,0.2264,0,0,0
"82",0.518518518518518,0.482142857142857,0.891566509445418,1.0006291842856,0.648148148148148,0.464285714285714,1.31922801037359,0.737694586463236,0.768450582649978,0.771309883470004,0.77267981188247,0.2248,0,0,0
"83",0.578125,0.481481481481481,1.43543561012303,1.00286027685146,0.40625,0.537037037037037,1.08885887540294,0.930565947274987,0.777362543285633,0.77221055977198,0.763035672139991,0.2176,0,0,0
"84",0.619047619047619,0.5,1.19977830787311,1.07888681937108,0.46031746031746,0.5,1.21398443753969,1.07205870998723,0.719571592633608,0.713103953898528,0.689504966956233,0.2152,0,0,0
"85",0.614035087719298,0.604166666666667,0.864894292070124,1.04803743697628,0.596491228070175,0.520833333333333,1.10280979420651,0.866919707589303,0.758481940844955,0.755661483401209,0.740009025723311,0.2136,0,0,0
"86",0.65625,0.614035087719298,1.62246157953129,0.843916494938011,0.546875,0.578947368421053,1.10298954668766,1.12057453248242,0.763299506420628,0.761412742949598,0.78244026206785,0.224,0,0,0
"87",0.543859649122807,0.585714285714286,1.8144556210104,0.802509374636246,0.526315789473684,0.528571428571429,1.29512841996504,0.789940187596549,0.766737138830162,0.765845345633929,0.767102189149433,0.2296,0,0,0
"88",0.5,0.5,1.09639348088767,0.863848786204749,0.5,0.6,0.991466394067145,0.912696782829081,0.782528115159694,0.778088811773022,0.80583572242755,0.2272,0,0,0
"89",0.5,0.581818181818182,1.38212382990778,1.17382712824194,0.58,0.581818181818182,0.693005723450817,0.955451021361965,0.737222555566142,0.735079998248871,0.705811762778506,0.2056,0,0,0
"90",0.573770491803279,0.525423728813559,1.32974049360749,1.05589820062961,0.475409836065574,0.542372881355932,1.18807036787391,0.958269290824136,0.749962221044031,0.748192373005079,0.749325507840712,0.2136,0,0,0
"91",0.403846153846154,0.5,1.07176452889094,1.06908470680166,0.423076923076923,0.586206896551724,1.09729169803178,0.766510952624237,0.805076186374636,0.801133567121939,0.830457211849214,0.2064,0,0,0
"92",0.6,0.5,1.07666533844491,0.757218068830489,0.444444444444444,0.607142857142857,1.02601927436805,0.716977902962994,0.730436320029519,0.732183855031466,0.71821432975706,0.1968,0,0,0
"93",0.491525423728814,0.409090909090909,0.894751340132584,0.895187740137964,0.610169491525424,0.560606060606061,1.24308587550719,0.767942352568538,0.748495221319597,0.739529275017986,0.723757763975155,0.2288,0,0,0
"94",0.608695652173913,0.515151515151515,1.71841218454441,0.94662943149737,0.594202898550725,0.5,1.80645912814864,0.936992374017754,0.76640112704918,0.766467725409836,0.795970036280114,0.2328,0,0,0
"95",0.59375,0.625,1.25293401022591,1.12424309114703,0.453125,0.464285714285714,0.716390848556117,1.11667129420701,0.701283274839398,0.696047041438335,0.692307032369317,0.2264,0,0,0
"96",0.454545454545455,0.546875,1.56186816935054,1.15840300871455,0.575757575757576,0.53125,1.27744408233796,0.953762874767321,0.774169469091245,0.772376430390852,0.772695101508661,0.2112,0,0,0
"97",0.472727272727273,0.573770491803279,0.843034659395073,1.12647259345275,0.745454545454545,0.459016393442623,1.14961273130496,0.828128950063533,0.758333846027645,0.759597637504614,0.753484978540773,0.2272,0,0,0
"98",0.604166666666667,0.475409836065574,1.37022242190611,0.955814548392167,0.541666666666667,0.377049180327869,1.07840138481011,0.798376864488606,0.77600139780719,0.772247360482655,0.761015995361686,0.2208,0,0,0
"99",0.43859649122807,0.653846153846154,1.20186549458305,0.773492691730499,0.43859649122807,0.480769230769231,0.995251078642992,0.668829095674735,0.768783886470057,0.771923519263945,0.766935825565478,0.2056,0,0,0
"100",0.584905660377358,0.584615384615385,1.08395069040662,0.866370247779378,0.452830188679245,0.446153846153846,1.37934334270741,0.943494786232513,0.756502221399482,0.757517791764367,0.760961331341417,0.2272,0,0,0
"101",0.566037735849057,0.573770491803279,1.37369366549039,0.798130538370837,0.584905660377358,0.475409836065574,1.04756251993223,0.791223856057303,0.803927291346646,0.798202764976959,0.809855948340094,0.2128,0,0,0
"102",0.53030303030303,0.46969696969697,1.37954433046579,0.943200651423449,0.53030303030303,0.439393939393939,1.06557723821666,0.923380485094757,0.773780387900137,0.773800868372007,0.755117387312552,0.2328,0,0,0
"103",0.492307692307692,0.491525423728814,1.59009714590497,1.25641990246744,0.507692307692308,0.372881355932203,0.911982684221127,1.11188450650505,0.783055347591519,0.781076902099108,0.786764956681902,0.2192,0,0,0
"104",0.553846153846154,0.48,1.91647955877521,1.09560416878244,0.461538461538462,0.4,0.939214425663958,1.02312454481015,0.794999281653429,0.7890472672044,0.796416502158129,0.2176,0,0,0
"105",0.509433962264151,0.532258064516129,0.921988668267037,0.810738097674999,0.433962264150943,0.548387096774194,0.768443159815113,0.824490831519108,0.734236380027455,0.732407748888479,0.740372859347201,0.22,0,0,0
"106",0.509090909090909,0.516129032258065,1.79076949529624,1.03782411375926,0.490909090909091,0.612903225806452,0.863134666356251,1.04102011396106,0.753516401335874,0.754392300284795,0.744600581475841,0.2304,0,0,0
"107",0.537037037037037,0.490196078431373,1.12797061007207,0.810840252995863,0.481481481481481,0.431372549019608,0.867081896857223,0.883434895369873,0.708182818056193,0.704593525428856,0.736418511066398,0.216,0,0,0
"108",0.621212121212121,0.44,1.29073087091461,1.00649978912429,0.560606060606061,0.6,1.04579884006474,0.857116175424809,0.764183052098497,0.761902076968815,0.753536402925532,0.2144,0,0,0
"109",0.457627118644068,0.434782608695652,1.36928067230837,0.915191291059915,0.508474576271186,0.456521739130435,1.06061246738126,0.778579931723561,0.761212453358806,0.753621815145935,0.730103519668737,0.212,0,0,0
"110",0.625,0.392857142857143,1.28303115313917,0.823356456541171,0.520833333333333,0.464285714285714,0.829996700055398,0.784789450682733,0.763488674531007,0.765723560252314,0.764463030153947,0.2096,0,0,0
"111",0.471428571428571,0.68,0.986582817080923,1.03091860806456,0.514285714285714,0.48,0.782396390068441,0.99929059719606,0.789995615935434,0.785132124425393,0.76677633231202,0.2168,0,0,0
"112",0.517857142857143,0.5,1.3464073124379,1.00365311919613,0.482142857142857,0.589285714285714,1.02535919780485,0.994608840846439,0.725031506592642,0.72594526194748,0.718935560053981,0.2208,0,0,0
"113",0.388059701492537,0.618181818181818,1.31861453317811,0.801288242082755,0.477611940298507,0.527272727272727,0.691609722622232,0.945432248875452,0.726194963956825,0.720532685043429,0.723018698759451,0.228,0,0,0
"114",0.588235294117647,0.578947368421053,2.00478945359191,0.987345634264992,0.549019607843137,0.631578947368421,0.843051614782099,0.827470471927859,0.731054573803241,0.727756706646254,0.700618003731343,0.2128,0,0,1
"115",0.480769230769231,0.625,1.83274686262815,1.28606086174145,0.557692307692308,0.604166666666667,1.8371470110085,1.06877563105785,0.769228786273494,0.773966864387337,0.772851707881896,0.2104,0,0,0
"116",0.557142857142857,0.5,1.33376914205801,0.919871097195189,0.7,0.546875,1.11268357450387,0.805701718218305,0.794591895525254,0.794614941425005,0.786120544843704,0.2504,0,0,0
"117",0.490909090909091,0.442622950819672,1.07190083075772,0.803087094824651,0.509090909090909,0.639344262295082,1.13628468935198,0.942266598841719,0.80985596312656,0.807264579732412,0.812916680086315,0.2024,0,0,0
"118",0.479166666666667,0.53968253968254,1.3730695243384,1.08550637025614,0.541666666666667,0.412698412698413,1.25320940640453,0.971349296077296,0.681446821152703,0.685580449525683,0.652350134552839,0.212,0,0,1
"119",0.596491228070175,0.558823529411765,1.50231700568217,0.933447986273352,0.456140350877193,0.573529411764706,1.06796495329447,0.723766929118637,0.756794119457496,0.746888913966801,0.717693427328844,0.232,0,0,0
"120",0.471698113207547,0.470588235294118,1.52759011003878,0.927938511675855,0.584905660377358,0.549019607843137,0.990347047512404,0.921739371891466,0.76337767809594,0.761257732169923,0.76559882969025,0.2224,0,0,0
"121",0.603448275862069,0.622222222222222,1.14623041851985,0.961091669923509,0.689655172413793,0.422222222222222,1.15347497977044,0.840757247592932,0.774962589426645,0.76734979398561,0.777946783819629,0.2128,0,0,0
"122",0.516666666666667,0.440677966101695,1.23117637111085,1.18213148190453,0.516666666666667,0.372881355932203,1.35334626383096,1.00389046543671,0.761993645038803,0.760762083259721,0.753337323375576,0.2312,0,0,0
"123",0.56,0.491525423728814,1.26754562894945,0.898392862195886,0.68,0.559322033898305,1.26062079396688,0.915336583953205,0.802400270453009,0.7992475464585,0.789635305092945,0.2296,0,0,0
"124",0.627906976744186,0.481481481481481,0.917014747353556,0.954980879392498,0.627906976744186,0.537037037037037,0.992222805116043,0.707922411089946,0.760111586729479,0.749613826917609,0.743541218637993,0.208,0,0,0
"125",0.482758620689655,0.568965517241379,1.43435127423308,1.03608609087633,0.637931034482759,0.586206896551724,1.09964394244702,0.964438305794024,0.789231387670556,0.787357160597192,0.74300284629981,0.2088,0,0,0
"126",0.533333333333333,0.545454545454545,1.09009421240274,0.910846719362352,0.466666666666667,0.515151515151515,0.993792084467492,0.849209169321844,0.788450842131435,0.783398822477002,0.802285354387386,0.2432,0,0,0
"127",0.616666666666667,0.708333333333333,1.84764418819689,0.782936530769725,0.55,0.625,1.1270700126766,0.714602734307134,0.75265536,0.7470336,0.696152858610065,0.2256,0,0,0
"128",0.576923076923077,0.459016393442623,1.28594261928804,0.893227145017907,0.634615384615385,0.442622950819672,0.956969362141815,0.836581287830871,0.810908653341492,0.809101126759842,0.794204177699323,0.2184,0,0,0
"129",0.461538461538462,0.609375,0.846088699350791,0.708530788381146,0.461538461538462,0.65625,1.17863343689201,0.772062077387437,0.726447562303799,0.722772759305529,0.722423316173316,0.24,0,0,0
"130",0.607142857142857,0.514705882352941,1.24814083256209,1.01127001116346,0.642857142857143,0.426470588235294,0.860082487568761,1.03723327806354,0.717235970721506,0.71656961843643,0.696334821428571,0.2416,0,0,0
"131",0.469387755102041,0.551724137931034,1.36711624552492,1.06917286622202,0.591836734693878,0.482758620689655,1.04451503447198,0.886910014577698,0.765787552942144,0.76570274271146,0.730278818216824,0.2296,0,0,0
"132",0.507462686567164,0.48,1.30207937537789,0.895799846800589,0.447761194029851,0.62,0.991717141064635,0.727704979520595,0.772966566098147,0.76293023828582,0.727709163434512,0.2368,0,0,0
"133",0.482142857142857,0.5,1.20576537912691,0.888215211516457,0.535714285714286,0.568965517241379,0.756926435432923,0.811312338039414,0.81109040146238,0.809936700260736,0.805133331884467,0.2304,0,0,0
"134",0.537037037037037,0.618421052631579,0.980714697130758,0.974256034199629,0.407407407407407,0.539473684210526,0.723172893147255,0.763788016824157,0.747554999692453,0.747862546900949,0.72553649649268,0.2288,0,0,0
"135",0.584905660377358,0.45,1.244099804239,1.08121699690895,0.60377358490566,0.566666666666667,1.26984311017275,0.871908310034484,0.731026362065894,0.733729965062322,0.720006616491605,0.2056,0,0,0
"136",0.533333333333333,0.389830508474576,2.31895173200034,0.993686921420007,0.55,0.491525423728814,1.40347659834541,1.05615832597573,0.794528534992256,0.788089250993376,0.787164840088227,0.2288,0,0,0
"137",0.566666666666667,0.509803921568627,0.853444687045662,0.936534671950705,0.533333333333333,0.509803921568627,1.20629141533158,0.698207791172457,0.728322781568218,0.726435244944373,0.744514152380714,0.216,0,0,0
"138",0.559322033898305,0.627450980392157,0.929182379659209,0.858393307153725,0.525423728813559,0.627450980392157,0.983933764553351,0.883921127823625,0.731729323308271,0.72342137394769,0.687270447012452,0.2192,0,0,0
"139",0.654545454545455,0.588235294117647,1.27711885095352,0.977359817372372,0.563636363636364,0.372549019607843,1.12160521242187,0.774224106196285,0.766142180386366,0.768118616955826,0.769380253429219,0.2184,0,0,0
"140",0.54,0.517241379310345,1.03091426460955,0.848623774276427,0.54,0.551724137931034,1.20728922475791,0.796357806501453,0.769595189805994,0.767400590006761,0.794540444969514,0.2032,0,0,0
"141",0.440677966101695,0.508771929824561,0.853085280878788,0.820942100846402,0.474576271186441,0.701754385964912,0.946296843251872,0.809267287595311,0.778157862370088,0.780927782219216,0.77512252541466,0.224,0,0,0
"142",0.542372881355932,0.610169491525424,1.15439170844766,1.0656337975374,0.423728813559322,0.661016949152542,0.853607766959737,0.878580340725926,0.785918850124188,0.785238191863437,0.817055900074768,0.2328,0,0,0
"143",0.476923076923077,0.568627450980392,0.882143652332018,0.94104611997376,0.507692307692308,0.647058823529412,0.852472045997991,1.05622133664728,0.763036693982986,0.761014211142088,0.774002992202269,0.2272,0,0,0
"144",0.508196721311475,0.542372881355932,1.03471750093167,0.930047969229148,0.442622950819672,0.474576271186441,0.918508241013288,0.910532026205344,0.707808847962603,0.708617816246438,0.743765812913735,0.2312,0,0,0
"145",0.508474576271186,0.441860465116279,1.03682860893951,0.824698572497746,0.677966101694915,0.604651162790698,0.938399373579305,0.910938991438567,0.774934751260793,0.770088799756166,0.778419236837087,0.2288,0,0,0
"146",0.540983606557377,0.423728813559322,0.845541635051649,1.01876768637736,0.557377049180328,0.576271186440678,0.904658077659916,0.916530837882663,0.780085737255637,0.779322886299248,0.767409948542024,0.224,0,0,0
"147",0.466666666666667,0.444444444444444,1.186514586974,0.865211589069194,0.5,0.574074074074074,1.16605651324004,0.8263586220267,0.784404046207194,0.783475593491598,0.794548169608527,0.2408,0,0,0
"148",0.607843137254902,0.534246575342466,1.00443569451189,1.05147434941149,0.607843137254902,0.465753424657534,0.792599577348367,0.914701538630598,0.783205141011554,0.776233322832064,0.783960023791228,0.2304,0,0,0
"149",0.425925925925926,0.634615384615385,1.63791139208796,0.934638111215564,0.592592592592593,0.461538461538462,1.14613773262228,0.990282949847255,0.787331163818858,0.783402444935107,0.7550358811749,0.2136,0,0,0
"150",0.490566037735849,0.672727272727273,1.10854319698686,0.919662969134793,0.566037735849057,0.654545454545455,0.943755432334769,0.77665456228653,0.759540781409798,0.758471937068906,0.774545179914071,0.216,0,0,0
"151",0.627118644067797,0.446153846153846,1.3769995776499,0.836618580404234,0.542372881355932,0.523076923076923,0.915994834969147,0.880944464891918,0.740686501667994,0.736674611932236,0.728560784904649,0.2168,0,0,0
"152",0.618181818181818,0.6,1.20069815806212,0.820515917290908,0.381818181818182,0.483333333333333,1.16405403585737,0.780624591501488,0.71850699844479,0.718325087560626,0.764848667470202,0.216,0,0,0
"153",0.463768115942029,0.652173913043478,0.922647319942489,0.876366427159723,0.63768115942029,0.565217391304348,0.873545584911455,1.03256723715358,0.804484021919832,0.804686698273916,0.812428629644391,0.2416,0,0,0
"154",0.450980392156863,0.551724137931034,1.06092327233211,0.980370185998123,0.411764705882353,0.517241379310345,1.00481040485502,0.986202431796594,0.72907057786524,0.731966053748232,0.728039045339803,0.2088,0,0,0
"155",0.508771929824561,0.662162162162162,1.31245458443924,1.15384538594293,0.543859649122807,0.513513513513513,0.828657541936223,1.08683656692242,0.739055862212184,0.738084189422355,0.706891000904099,0.2368,0,0,0
"156",0.517857142857143,0.62,1.97375478589961,1.13971471505866,0.535714285714286,0.48,0.991626269077199,0.849614473347366,0.776847167028555,0.777697263304519,0.774944712951335,0.2208,0,0,0
"157",0.458333333333333,0.6,1.654430582253,0.860713843244204,0.555555555555556,0.6,1.37930733434039,0.821019246966745,0.741868329363747,0.735051237152255,0.760862550148264,0.2336,0,0,0
"158",0.60655737704918,0.5,1.26347354033132,0.90626327432508,0.573770491803279,0.5,1.230555773716,0.812682707007121,0.719816394658754,0.721833271513353,0.746134468926956,0.2128,0,0,0
"159",0.5,0.616666666666667,1.82271969760679,0.933249345028009,0.52,0.516666666666667,0.947967667945942,0.706332644554679,0.748143955787862,0.744776314340518,0.778602491308664,0.2144,0,0,0
"160",0.571428571428571,0.4,1.71746578700864,1.02273267497388,0.510204081632653,0.355555555555556,1.39243883513213,1.02505496383502,0.788487292746943,0.788123679661993,0.755707557931102,0.2072,0,0,0
"161",0.469387755102041,0.5,1.06370866232279,1.00198319200394,0.469387755102041,0.5,0.890126628516926,0.820661969269099,0.723332846928353,0.723061484149598,0.731362172112287,0.2248,0,0,0
"162",0.532258064516129,0.420289855072464,0.928368410199995,1.13036159134707,0.548387096774194,0.579710144927536,1.01545180098378,0.88329500835418,0.781287805429341,0.776389634473671,0.79875046492269,0.236,0,0,0
"163",0.403846153846154,0.484848484848485,1.64368066443831,0.825742442487368,0.403846153846154,0.5,1.45551491101162,0.894096532345808,0.779669534244293,0.77396215214131,0.770588629210473,0.2352,0,0,0
"164",0.589285714285714,0.53030303030303,1.15550946663412,0.79154746147476,0.678571428571429,0.651515151515151,0.991440969263695,0.941035009687612,0.770990148150624,0.767078724788549,0.745815141349606,0.2152,0,0,0
"165",0.58,0.566037735849057,1.74736733151027,0.915469419615943,0.66,0.584905660377358,1.43664315170056,0.835678853102636,0.745952243774406,0.75063568273478,0.753978041553192,0.2264,0,0,0
"166",0.492753623188406,0.63265306122449,1.61367626006318,0.924255686787778,0.507246376811594,0.571428571428571,1.21295818045782,1.06179739536076,0.736441969144101,0.735817169195314,0.72006634053415,0.216,0,0,0
"167",0.366197183098592,0.564516129032258,1.48019512690935,1.04430932272447,0.450704225352113,0.5,0.977660149174045,0.958885527987594,0.804433913934426,0.803545081967213,0.802290162201075,0.2448,0,0,0
"168",0.511111111111111,0.535714285714286,1.27224617088816,0.688418099320034,0.6,0.607142857142857,1.10239649800416,0.584995380280116,0.787801987092348,0.787200380931901,0.791191902499484,0.212,0,0,0
"169",0.5625,0.533333333333333,1.35523834515263,0.92690834362305,0.4375,0.583333333333333,1.76203923326386,0.82919316775455,0.773457521845213,0.772215807408811,0.741388097089056,0.2288,0,0,0
"170",0.593220338983051,0.5625,1.35918237746339,0.847041457623035,0.559322033898305,0.479166666666667,1.1838681018817,0.715610481941681,0.700230313580798,0.701026269099723,0.695128773417716,0.2224,1,0,1
"171",0.53968253968254,0.580645161290323,2.48254302461695,0.93625154613337,0.587301587301587,0.596774193548387,1.32238362874108,0.861279315447608,0.673937636266403,0.67172137891316,0.673116162841913,0.2408,0,0,1
"172",0.56140350877193,0.581818181818182,1.02535049142128,0.907729092218654,0.43859649122807,0.490909090909091,1.08348915769267,0.929912280800447,0.758310726517731,0.751763075449126,0.762313009949104,0.2176,0,0,0
"173",0.446808510638298,0.63013698630137,1.84843780361368,0.895167062216042,0.553191489361702,0.561643835616438,0.86712754237826,0.837334047786104,0.735831891857262,0.729445832532513,0.710904349173287,0.2264,0,0,0
"174",0.540983606557377,0.611111111111111,1.13853774961088,0.858303490255841,0.524590163934426,0.555555555555556,0.97904278229426,0.835621581250694,0.752580539455629,0.746564400843795,0.743999478782087,0.2312,0,0,0
"175",0.490909090909091,0.451612903225806,1.37508035774271,0.99926361724633,0.672727272727273,0.661290322580645,1.04726319422313,0.949813719985264,0.805179442009095,0.8036789708714,0.789276797244942,0.228,0,0,0
"176",0.369230769230769,0.5,1.02716762239134,1.05067719946643,0.461538461538462,0.5,1.03154236654042,0.824609330014674,0.819307868805441,0.818644623358531,0.817985315309133,0.2272,0,0,0
"177",0.535714285714286,0.387755102040816,1.14393905491566,0.925783265071755,0.5,0.489795918367347,1.08376756703165,0.831667536695165,0.744020360170803,0.743821812405883,0.727821555668531,0.2144,0,0,0
"178",0.538461538461538,0.516666666666667,1.64622162586912,1.00133608038933,0.569230769230769,0.533333333333333,0.838501932410687,0.996986388771834,0.782916624983006,0.784743010612019,0.804180211628668,0.232,0,0,0
"179",0.480769230769231,0.5,1.36800965536109,0.983850114430054,0.576923076923077,0.543478260869565,1.11678575644806,0.744443250278442,0.784133271500714,0.780528361444116,0.804971036522739,0.2104,0,0,0
"180",0.53125,0.607142857142857,1.01349818115487,0.849639506129694,0.578125,0.5,1.16455385077181,0.822132121559659,0.747448293870529,0.738416521385179,0.737482572926457,0.2416,0,0,0
"181",0.525423728813559,0.426470588235294,1.29058274363934,1.00613834053655,0.389830508474576,0.558823529411765,1.39380718125981,0.888876980545328,0.725971302060792,0.723548648973958,0.663407039098561,0.2224,0,0,1
"182",0.631578947368421,0.5,1.52936579153203,0.970623764775892,0.473684210526316,0.454545454545455,0.95616454634317,1.09709443106552,0.736220664322121,0.731326361260104,0.741634288123852,0.2256,0,0,0
"183",0.56,0.629032258064516,1.39095442187419,1.02016544283402,0.52,0.467741935483871,0.805960158928076,0.911906164266877,0.732217908902692,0.72616718426501,0.715035258192345,0.2328,0,0,0
"184",0.522388059701492,0.578947368421053,1.06043553582821,0.872429765271,0.552238805970149,0.596491228070175,1.16645155071235,0.75630863030713,0.750187796917823,0.748488010480734,0.722374245988209,0.2256,0,0,0
"185",0.576923076923077,0.574074074074074,0.986804303931963,0.847766501078646,0.5,0.611111111111111,0.698567923479945,1.14350023814462,0.759590187753465,0.757630618652938,0.771729711038919,0.2208,0,0,0
"186",0.538461538461538,0.596491228070175,1.1252544685606,0.792655019492988,0.507692307692308,0.631578947368421,0.887963401854457,0.767138192551502,0.754058441558442,0.748420152402802,0.741480918608578,0.2208,0,0,0
"187",0.417910447761194,0.694915254237288,1.20389470977091,0.926064004880112,0.537313432835821,0.389830508474576,1.02818981506962,0.799118419591521,0.815625729075065,0.813351655817602,0.809786805438979,0.2176,0,0,0
"188",0.5,0.525423728813559,1.16613850729772,0.906142060558049,0.695652173913043,0.474576271186441,1.17141059608625,0.948887460122029,0.724419717266498,0.717906969566023,0.716723012815473,0.208,0,0,0
"189",0.516129032258065,0.625,1.75821894992777,0.952244011110194,0.5,0.625,0.767150298253499,1.00249116067525,0.734932680664163,0.73234150196006,0.704987362678612,0.2136,0,0,0
"190",0.647058823529412,0.619047619047619,1.41821673930024,1.15130476000746,0.470588235294118,0.523809523809524,1.03718448124622,1.11198126067332,0.764681796760927,0.759593223132409,0.764277441009122,0.2184,0,0,0
"191",0.509803921568627,0.60655737704918,1.45945390651979,0.946948048125573,0.568627450980392,0.442622950819672,1.12395088401286,0.854735783998172,0.768698546827988,0.771312976121887,0.771952161476238,0.2216,0,0,0
"192",0.5,0.310344827586207,1.03899388919474,0.732374134136781,0.430555555555556,0.482758620689655,1.22724381904886,0.786190248463888,0.786170114612593,0.786175240399401,0.794327393977285,0.2144,0,0,0
"193",0.564516129032258,0.535714285714286,1.27659427285664,1.01745873863781,0.548387096774194,0.482142857142857,0.983471127985224,0.754925288261081,0.765430675927633,0.751211404101871,0.776705276705277,0.2448,0,0,0
"194",0.5,0.603448275862069,0.971115498215289,0.937128563495466,0.571428571428571,0.517241379310345,0.766251323893486,0.918966664959654,0.742036337895234,0.741310503313704,0.727607776838546,0.22,0,0,0
"195",0.583333333333333,0.58,1.05144149418662,1.10106464455006,0.6,0.54,0.875934092302572,0.938640961425778,0.745449409347714,0.740683102208526,0.726931966214229,0.2168,0,0,0
"196",0.60655737704918,0.528571428571429,1.37863191811177,1.25497370559892,0.557377049180328,0.6,1.35730801587407,1.12744438910861,0.740005026981554,0.731659211687219,0.731779877425945,0.2216,0,0,0
"197",0.441558441558442,0.5,1.09190400103476,1.02644217646984,0.584415584415584,0.5,1.25408931874659,0.812338098418797,0.788501137131969,0.787205216464851,0.785113982561193,0.2344,0,0,0
"198",0.557692307692308,0.403508771929825,1.2170691788453,0.800956761448362,0.596153846153846,0.526315789473684,0.821123433298668,0.866152072597503,0.751316518847007,0.742259998357559,0.731928251888221,0.2232,0,0,0
"199",0.4,0.549019607843137,1.44915242098844,0.993385311169411,0.577777777777778,0.450980392156863,1.41784649321348,0.783389261564482,0.719881317813355,0.719704371597311,0.707235256307247,0.2016,0,0,0
"200",0.518518518518518,0.568181818181818,1.35413249435945,0.936016512138401,0.481481481481481,0.477272727272727,0.829202342878365,0.795402165249474,0.803107455281368,0.80271831934236,0.819439535470841,0.2192,0,0,0
"201",0.459016393442623,0.545454545454545,1.91133700373234,0.915006800170258,0.344262295081967,0.636363636363636,1.03860529325185,0.951781880212781,0.768914113680524,0.769884363615883,0.781507063423073,0.2256,0,0,0
"202",0.524590163934426,0.418604651162791,1.4652883607297,0.824461877252541,0.573770491803279,0.348837209302326,1.04424044984282,0.637620647834082,0.791343315084078,0.789268717069617,0.796034126141521,0.2176,0,0,0
"203",0.510204081632653,0.517857142857143,1.1683334459126,1.04548182660802,0.673469387755102,0.642857142857143,0.712544419688807,0.847913907760707,0.757342866874445,0.755483621482223,0.742528782392905,0.2056,0,0,0
"204",0.568965517241379,0.473684210526316,1.27726158797953,0.853919133913428,0.603448275862069,0.543859649122807,0.89376682484622,0.78869291615829,0.747508867611178,0.742844401615648,0.761718246708068,0.2264,0,0,0
"205",0.568627450980392,0.521739130434783,1.0178040498285,1.07817896968878,0.411764705882353,0.565217391304348,0.994261093410377,0.957520406247386,0.758886764001854,0.752496742266563,0.73698559714134,0.22,0,0,0
"206",0.557377049180328,0.56,0.995194917821158,0.787135420526562,0.459016393442623,0.62,0.808726025722826,0.746283755058568,0.794669208066896,0.79030630021315,0.782935073613323,0.2304,0,0,0
"207",0.63265306122449,0.537037037037037,1.92427100486392,1.15184633992359,0.571428571428571,0.611111111111111,1.06490181678443,0.973948297852688,0.77224920660743,0.76575229625498,0.742986839913377,0.2104,0,0,0
"208",0.491525423728814,0.395833333333333,1.37082316054326,0.979292066820462,0.542372881355932,0.5625,1.0491868229237,0.951632293715185,0.780401565206235,0.779470139200719,0.731451091602894,0.2144,0,0,0
"209",0.543859649122807,0.6875,1.55673292327611,0.845614636948478,0.56140350877193,0.5625,1.03007144518205,0.731730350703008,0.775749239938632,0.771692164260339,0.785210475912895,0.2152,0,0,0
"210",0.490196078431373,0.4,2.11041382286209,0.927212060015831,0.549019607843137,0.511111111111111,0.880177311413849,0.81084977453737,0.681183949695986,0.683568876955704,0.66676536598135,0.2256,1,1,1
"211",0.444444444444444,0.588235294117647,0.986181789943495,0.826920895048033,0.481481481481481,0.647058823529412,1.06604375337939,0.845108898745753,0.805667560143263,0.804615357045025,0.797675242936681,0.2296,0,0,0
"212",0.5,0.571428571428571,1.1137540112967,1.10254210005019,0.55,0.469387755102041,1.44296384380527,0.929984403252195,0.752601619127581,0.748324000112974,0.732788559754852,0.2216,0,0,0
"213",0.525423728813559,0.571428571428571,1.27368876881919,0.908710409059782,0.559322033898305,0.510204081632653,0.613589971626192,0.734278161058404,0.745576269387396,0.748255749231753,0.731447381697104,0.212,0,0,0
"214",0.583333333333333,0.557142857142857,1.35847982997319,0.764870949439167,0.597222222222222,0.5,1.01799102699773,0.833149641511241,0.777412491262569,0.774823907148947,0.760421071176885,0.2376,0,0,0
"215",0.594202898550725,0.619047619047619,1.32410517818653,1.16203498279109,0.565217391304348,0.523809523809524,0.773291757495776,0.987998448113336,0.773003971593966,0.767428811172972,0.752559900567491,0.2352,0,0,0
"216",0.611111111111111,0.576271186440678,1.15465696745931,1.05422062307077,0.5,0.389830508474576,1.23640905775624,1.041500636923,0.795716023301965,0.797052685487485,0.800034135518007,0.2248,0,0,0
"217",0.486111111111111,0.452830188679245,1.20017889634048,0.810816164649857,0.583333333333333,0.433962264150943,1.32317549617239,0.725089939657798,0.798436122444795,0.799079408689234,0.809298741330593,0.2256,0,0,0
"218",0.649122807017544,0.519230769230769,1.07011616063718,0.869546901839067,0.56140350877193,0.557692307692308,1.08078532721881,0.735692237511041,0.755658615136876,0.758054750402577,0.74539609894301,0.2136,0,0,0
"219",0.463768115942029,0.415094339622642,1.22599356604033,0.835645638735939,0.536231884057971,0.547169811320755,1.06327919303996,1.0260086777258,0.776671802773498,0.775382639958911,0.708485981308411,0.232,0,0,0
"220",0.327586206896552,0.480769230769231,1.47637741904256,0.909410426117775,0.517241379310345,0.538461538461538,0.937163196126454,0.991677983990324,0.774490948343197,0.770406242557256,0.792732219199378,0.2296,0,0,0
"221",0.412698412698413,0.609375,1.42780927315055,1.20060916997106,0.46031746031746,0.4375,0.874930882751726,1.03225485362161,0.763867833296139,0.762521130409577,0.764848970863406,0.2392,0,0,0
"222",0.446153846153846,0.524590163934426,1.67945254327636,1.08000402977512,0.523076923076923,0.540983606557377,1.74832612787082,0.989515990252887,0.739091111731715,0.731274067962931,0.73152627595395,0.2368,0,0,0
"223",0.636363636363636,0.538461538461538,1.34435667334357,0.838025383495327,0.545454545454545,0.523076923076923,1.18719240837609,0.935583920423562,0.748891449052739,0.743307731694828,0.79281859910999,0.2344,0,0,0
"224",0.542372881355932,0.555555555555556,1.62331697527203,0.821503056253858,0.593220338983051,0.481481481481481,1.23571873080334,0.799107082124867,0.73421068814956,0.734436176536908,0.716439565170595,0.2288,0,0,0
"225",0.540983606557377,0.580645161290323,1.11019396813196,1.01366288744352,0.426229508196721,0.467741935483871,0.97996466515283,0.9756454913829,0.769550176562372,0.767160938654841,0.771281473803644,0.224,0,0,0
"226",0.653846153846154,0.591549295774648,1.2472998917213,1.20229588680736,0.653846153846154,0.492957746478873,1.23610839227638,1.10314834564157,0.744183423108379,0.743106635320178,0.740761855402954,0.2288,0,0,0
"227",0.633802816901408,0.547169811320755,1.13358178380171,1.00809533961455,0.492957746478873,0.584905660377358,0.900626597373653,1.25072919761753,0.748225370290701,0.746005162559154,0.736139875082183,0.2096,0,0,0
"228",0.564516129032258,0.53448275862069,1.45575871507213,1.17025351724051,0.548387096774194,0.568965517241379,1.04918782090857,1.21052017572509,0.749990396459751,0.747693229632172,0.78970684541007,0.2256,0,0,0
"229",0.391304347826087,0.528301886792453,1.18680517751372,0.92050014279322,0.58695652173913,0.660377358490566,1.27205978312052,0.898623994490977,0.747824283530614,0.75175196704228,0.75918507829087,0.2136,0,0,0
"230",0.59375,0.428571428571429,0.972440423963286,1.05466095347612,0.5625,0.476190476190476,0.945202509652532,0.912777598023459,0.757776525125544,0.752698135693124,0.781265625868104,0.2224,0,0,0
"231",0.464285714285714,0.482758620689655,0.988521128223038,1.00654509751781,0.535714285714286,0.46551724137931,1.41320251270182,1.05381862800672,0.634219988936013,0.641480730223124,0.660234335541447,0.216,1,1,0
"232",0.368421052631579,0.514705882352941,1.14920347640041,1.15737869739503,0.403508771929825,0.529411764705882,1.21465797922827,0.975059195366183,0.759342964190319,0.763627423613441,0.738245717041666,0.2176,0,0,0
"233",0.5,0.55,1.36975714257795,1.08963945399089,0.428571428571429,0.583333333333333,0.750929446120125,0.939744939438704,0.712071240950734,0.707527708373374,0.725096409928625,0.2224,0,0,0
"234",0.39344262295082,0.56140350877193,1.72545215391952,0.729999612286048,0.524590163934426,0.543859649122807,1.44962199857797,0.814393741582986,0.720456224223896,0.717847836346102,0.764151864142104,0.2376,0,0,0
"235",0.5,0.479452054794521,1.12852834954379,0.905126319674687,0.589285714285714,0.575342465753425,0.955452093273744,0.854498111732768,0.801674459620196,0.800269677207662,0.8007032456185,0.22,0,0,0
"236",0.473684210526316,0.476190476190476,0.840920711172057,0.931545065775552,0.56140350877193,0.555555555555556,1.21404519464557,0.894640527439009,0.728565901701507,0.729549757751069,0.732591062136517,0.224,0,0,0
"237",0.389830508474576,0.440677966101695,1.54327560008649,1.02037219262001,0.508474576271186,0.305084745762712,0.761786739245304,0.842819061443837,0.736726819970487,0.738158919494999,0.728930748669865,0.22,0,0,0
"238",0.409090909090909,0.560606060606061,1.19412007264234,0.860728097858694,0.590909090909091,0.5,0.707358302869665,0.86949752641167,0.774990782088574,0.773723319267483,0.793596423942656,0.2376,0,0,0
"239",0.627118644067797,0.529411764705882,1.19205383701321,0.958893919061557,0.491525423728814,0.509803921568627,1.53683860775337,0.951300658513537,0.799688188807053,0.797084642146736,0.787229821006417,0.2208,0,0,0
"240",0.369565217391304,0.406779661016949,1.4020577782133,0.84345477101993,0.456521739130435,0.491525423728814,1.14379473372283,0.906582561868051,0.743465263968183,0.737047918404003,0.738833619210978,0.224,0,0,0
"241",0.5,0.53125,1.03824708643167,1.04633440936251,0.546875,0.515625,1.07579869921543,0.955178610787513,0.749363648739241,0.741128968045021,0.775953020368304,0.232,0,0,0
"242",0.454545454545455,0.338461538461538,0.891796583051137,0.943743554292523,0.5,0.615384615384615,1.04754203656913,1.03578462200426,0.730089311319595,0.727267606210824,0.711549288340752,0.236,0,0,0
"243",0.537313432835821,0.71875,1.01688761836472,0.825027410454262,0.462686567164179,0.515625,0.876526699848497,0.775691057456032,0.730911433172303,0.730607407407407,0.753939744821204,0.2304,0,0,0
"244",0.660714285714286,0.471428571428571,1.45842977675973,1.10549241593471,0.589285714285714,0.485714285714286,1.44603533201449,0.781825307016419,0.734462711790516,0.740055750880243,0.710883401221996,0.2232,0,0,0
"245",0.507462686567164,0.524590163934426,2.15249766433813,0.910414966118409,0.552238805970149,0.508196721311475,1.11521672600212,0.920378058840059,0.785498884194506,0.785539878196571,0.763893090004705,0.2176,0,0,0
"246",0.548387096774194,0.588235294117647,1.15288348356193,0.925661600824732,0.403225806451613,0.426470588235294,0.799673748948506,1.05517286942687,0.7872,0.780913365539452,0.821697260227234,0.2184,0,0,0
"247",0.590909090909091,0.527272727272727,1.18597903969886,0.789422609072406,0.477272727272727,0.4,1.58571678535311,0.769034344280623,0.761236769516967,0.758237218551543,0.7338137174298,0.1936,0,0,0
"248",0.428571428571429,0.575342465753425,1.33079828959937,0.862883015964076,0.714285714285714,0.493150684931507,0.96892182457581,0.905090583674473,0.80045675794136,0.801194952594062,0.840046392108168,0.228,0,0,0
"249",0.566037735849057,0.636363636363636,1.10189741926731,1.05192353791731,0.60377358490566,0.472727272727273,0.851329121139986,0.921278336041726,0.789418357487923,0.787344283413849,0.821670750839524,0.224,0,0,0
"250",0.557377049180328,0.486111111111111,1.17329248737634,0.848007145490222,0.426229508196721,0.444444444444444,1.14920543075464,0.805318294878632,0.777700974631921,0.772693409522054,0.758726963678654,0.2432,0,0,0
